jogo;achievements;dlc;horas_jogo;nota_metacritic;preco
Jogo_0001;9;7;3.1;45;29.93
Jogo_0002;78;6;22.9;87;45.93
Jogo_0003;66;5;6.5;22;30.66
Jogo_0004;44;7;7.6;55;39.39
Jogo_0005;43;1;31.6;84;32.99
Jogo_0006;86;8;19.6;96;51.93
Jogo_0007;8;7;46.1;40;46.9
Jogo_0008;70;4;16.0;72;34.52
Jogo_0009;20;6;36.3;35;38.32
Jogo_0010;9;4;23.1;29;28.42
Jogo_0011;53;2;33.0;48;35.98
Jogo_0012;98;7;30.0;90;52.53
Jogo_0013;74;2;23.6;75;29.9
Jogo_0014;76;2;47.5;59;35.81
Jogo_0015;72;4;17.1;42;29.27
Jogo_0016;79;7;8.9;31;32.65
Jogo_0017;51;3;33.9;41;34.13
Jogo_0018;12;4;42.3;32;32.0
Jogo_0019;84;0;2.0;34;15.41
Jogo_0020;45;1;22.5;75;27.9
Jogo_0021;50;0;44.6;30;27.79
Jogo_0022;37;0;37.5;23;28.5
Jogo_0023;18;7;49.6;63;52.74
Jogo_0024;93;7;26.6;42;45.6
Jogo_0025;78;7;33.0;56;47.31
Jogo_0026;65;0;15.1;31;18.84
Jogo_0027;40;0;47.4;36;31.17
Jogo_0028;83;2;18.3;55;33.05
Jogo_0029;55;5;36.9;75;43.34
Jogo_0030;44;3;20.2;53;31.15
Jogo_0031;45;4;28.1;63;31.79
Jogo_0032;22;1;36.0;61;31.65
Jogo_0033;9;6;25.4;41;38.05
Jogo_0034;56;2;45.4;42;35.83
Jogo_0035;89;0;21.0;54;33.02
Jogo_0036;6;6;32.4;22;32.48
Jogo_0037;86;8;17.1;74;49.62
Jogo_0038;83;0;20.4;69;29.02
Jogo_0039;27;3;22.0;44;28.66
Jogo_0040;63;7;6.3;49;36.75
Jogo_0041;16;6;4.6;46;30.11
Jogo_0042;76;7;33.4;72;53.61
Jogo_0043;70;3;32.8;80;45.71
Jogo_0044;35;3;33.1;28;31.08
Jogo_0045;6;6;1.0;53;31.23
Jogo_0046;98;1;16.3;21;22.09
Jogo_0047;45;2;9.9;56;27.76
Jogo_0048;90;5;38.9;39;41.88
Jogo_0049;68;6;43.0;46;50.66
Jogo_0050;78;1;12.3;56;33.08
Jogo_0051;76;4;33.4;45;39.15
Jogo_0052;19;3;6.5;51;17.37
Jogo_0053;36;4;13.8;81;33.22
Jogo_0054;47;8;6.9;84;47.47
Jogo_0055;50;0;14.2;20;18.63
Jogo_0056;4;8;33.7;50;45.36
Jogo_0057;55;4;45.5;87;51.4
Jogo_0058;15;6;10.1;62;35.49
Jogo_0059;75;3;27.1;36;37.04
Jogo_0060;68;2;35.1;67;40.53
Jogo_0061;93;6;47.6;31;53.32
Jogo_0062;75;6;30.5;21;40.9
Jogo_0063;37;1;12.8;70;28.16
Jogo_0064;97;6;31.3;61;46.94
Jogo_0065;41;6;16.0;80;39.08
Jogo_0066;32;3;48.8;47;44.31
Jogo_0067;91;8;20.0;88;53.13
Jogo_0068;37;5;34.3;53;42.83
Jogo_0069;7;3;1.2;79;25.7
Jogo_0070;47;0;20.0;28;18.2
Jogo_0071;80;6;43.8;27;45.81
Jogo_0072;19;1;30.5;82;36.3
Jogo_0073;46;6;22.2;86;46.02
Jogo_0074;13;4;46.8;95;41.54
Jogo_0075;69;4;42.7;45;41.57
Jogo_0076;48;1;16.1;21;25.47
Jogo_0077;33;6;27.2;98;46.22
Jogo_0078;22;1;24.5;68;22.63
Jogo_0079;57;3;31.6;39;39.65
Jogo_0080;67;7;16.7;81;47.9
Jogo_0081;94;8;12.2;92;50.38
Jogo_0082;44;8;45.6;42;49.67
Jogo_0083;16;8;46.2;81;57.85
Jogo_0084;84;5;42.2;83;49.81
Jogo_0085;63;1;48.9;60;42.1
Jogo_0086;70;7;37.2;70;53.25
Jogo_0087;9;7;38.2;41;43.47
Jogo_0088;31;8;38.1;94;55.35
Jogo_0089;77;5;24.0;98;46.24
Jogo_0090;84;1;22.8;98;40.04
Jogo_0091;43;4;12.0;78;31.74
Jogo_0092;81;4;32.2;23;31.33
Jogo_0093;85;7;14.5;49;43.57
Jogo_0094;39;3;12.9;55;30.28
Jogo_0095;90;2;29.3;96;43.3
Jogo_0096;29;0;20.5;63;25.17
Jogo_0097;24;7;10.9;62;36.57
Jogo_0098;68;6;40.8;31;46.73
Jogo_0099;64;0;43.0;83;37.48
Jogo_0100;14;3;8.4;46;22.0
Jogo_0101;84;4;0.4;27;24.97
Jogo_0102;20;4;16.8;99;43.39
Jogo_0103;81;8;39.9;35;45.49
Jogo_0104;0;1;42.0;21;26.85
Jogo_0105;80;2;6.9;26;17.68
Jogo_0106;79;1;38.7;56;35.44
Jogo_0107;78;2;5.8;28;21.17
Jogo_0108;67;8;19.5;87;43.98
Jogo_0109;47;8;49.9;60;56.39
Jogo_0110;71;0;9.6;45;19.65
Jogo_0111;27;5;7.7;20;19.06
Jogo_0112;78;2;21.1;58;34.84
Jogo_0113;56;1;31.0;32;31.94
Jogo_0114;46;2;46.6;98;49.16
Jogo_0115;51;1;49.0;43;36.26
Jogo_0116;57;4;3.5;57;29.47
Jogo_0117;3;8;6.9;21;34.79
Jogo_0118;14;5;39.5;30;41.99
Jogo_0119;24;6;13.5;36;35.45
Jogo_0120;11;4;44.2;24;32.13
Jogo_0121;44;0;33.2;78;32.44
Jogo_0122;67;0;5.6;95;27.89
Jogo_0123;66;2;41.6;98;39.11
Jogo_0124;47;2;8.8;41;24.4
Jogo_0125;86;7;21.2;83;56.07
Jogo_0126;57;7;27.6;60;47.64
Jogo_0127;7;7;25.0;23;39.68
Jogo_0128;77;5;34.3;27;40.26
Jogo_0129;58;5;32.6;63;42.78
Jogo_0130;64;5;49.6;53;49.07
Jogo_0131;57;3;50.0;20;35.11
Jogo_0132;55;6;25.8;94;44.64
Jogo_0133;9;7;4.8;78;40.4
Jogo_0134;56;6;36.4;60;50.34
Jogo_0135;80;5;48.8;98;52.71
Jogo_0136;30;0;15.9;97;30.42
Jogo_0137;60;6;23.1;97;47.17
Jogo_0138;3;3;21.2;40;27.18
Jogo_0139;35;6;2.6;90;38.59
Jogo_0140;44;4;33.6;60;42.26
Jogo_0141;99;7;17.7;78;48.56
Jogo_0142;21;3;39.4;88;45.4
Jogo_0143;27;8;41.6;33;47.6
Jogo_0144;41;7;41.1;55;50.29
Jogo_0145;100;2;20.8;30;27.28
Jogo_0146;86;4;16.1;42;40.29
Jogo_0147;3;4;37.4;53;37.69
Jogo_0148;23;6;40.1;88;51.21
Jogo_0149;82;6;24.6;89;43.7
Jogo_0150;5;7;44.7;51;43.73
Jogo_0151;86;3;7.2;46;32.51
Jogo_0152;28;4;44.0;62;42.8
Jogo_0153;92;3;4.8;92;29.6
Jogo_0154;29;8;7.7;98;47.83
Jogo_0155;43;2;26.7;38;26.85
Jogo_0156;66;5;3.4;34;33.3
Jogo_0157;12;1;2.6;76;20.51
Jogo_0158;56;7;0.0;44;34.19
Jogo_0159;51;3;21.8;35;33.0
Jogo_0160;79;3;38.7;22;32.97
Jogo_0161;100;5;1.7;52;30.92
Jogo_0162;67;4;32.6;51;38.83
Jogo_0163;41;7;41.2;65;52.43
Jogo_0164;41;4;8.4;36;22.63
Jogo_0165;42;4;7.3;77;27.46
Jogo_0166;82;0;43.0;74;40.18
Jogo_0167;32;0;41.2;56;28.57
Jogo_0168;16;3;26.9;34;27.12
Jogo_0169;33;8;41.0;60;45.42
Jogo_0170;2;8;4.6;73;35.68
Jogo_0171;10;5;19.7;49;32.52
Jogo_0172;9;5;36.9;41;40.08
Jogo_0173;77;3;12.9;60;29.86
Jogo_0174;72;1;37.6;48;38.59
Jogo_0175;70;0;25.2;52;25.17
Jogo_0176;46;3;37.5;47;34.31
Jogo_0177;72;2;23.2;44;35.09
Jogo_0178;16;1;18.4;77;27.4
Jogo_0179;90;2;11.0;56;27.79
Jogo_0180;50;0;10.4;57;20.72
Jogo_0181;94;5;37.6;72;53.04
Jogo_0182;15;8;5.9;48;39.86
Jogo_0183;50;6;4.3;28;27.25
Jogo_0184;70;4;8.8;88;36.75
Jogo_0185;50;3;8.8;24;23.45
Jogo_0186;45;2;41.2;65;34.81
Jogo_0187;16;1;19.9;41;21.73
Jogo_0188;38;5;49.5;37;43.43
Jogo_0189;24;5;6.9;23;28.71
Jogo_0190;30;0;32.7;92;36.27
Jogo_0191;69;3;22.4;54;32.97
Jogo_0192;63;2;19.6;47;28.31
Jogo_0193;61;1;43.8;79;41.55
Jogo_0194;36;6;48.8;23;41.65
Jogo_0195;96;4;43.6;65;49.46
Jogo_0196;8;5;9.6;59;30.09
Jogo_0197;34;6;11.0;64;33.26
Jogo_0198;11;8;32.8;29;38.84
Jogo_0199;34;7;14.5;96;49.04
Jogo_0200;97;5;36.7;39;43.49
Jogo_0201;36;7;28.3;74;51.31
Jogo_0202;91;4;27.5;79;42.21
Jogo_0203;50;8;41.4;47;51.41
Jogo_0204;70;6;35.5;30;49.7
Jogo_0205;46;5;1.3;43;24.91
Jogo_0206;26;8;2.5;84;34.86
Jogo_0207;77;4;30.1;92;49.35
Jogo_0208;97;6;24.3;94;47.88
Jogo_0209;26;2;13.0;38;22.27
Jogo_0210;78;8;20.9;68;47.0
Jogo_0211;26;5;37.9;32;38.45
Jogo_0212;72;7;41.3;76;51.26
Jogo_0213;79;4;28.1;53;38.57
Jogo_0214;45;7;19.3;77;45.75
Jogo_0215;74;0;13.5;74;23.72
Jogo_0216;27;1;26.1;99;31.54
Jogo_0217;8;4;15.7;59;28.94
Jogo_0218;9;6;28.2;47;33.35
Jogo_0219;45;7;33.8;62;45.96
Jogo_0220;91;3;3.3;33;26.24
Jogo_0221;12;5;0.1;28;21.5
Jogo_0222;46;4;10.6;61;30.73
Jogo_0223;71;8;44.7;86;59.17
Jogo_0224;20;5;32.3;62;37.74
Jogo_0225;72;3;8.6;82;35.64
Jogo_0226;30;8;44.5;34;52.38
Jogo_0227;81;0;23.5;55;26.56
Jogo_0228;58;8;23.8;69;49.78
Jogo_0229;55;1;46.8;47;34.61
Jogo_0230;17;2;3.0;21;16.66
Jogo_0231;46;7;10.8;25;38.41
Jogo_0232;86;6;29.3;94;52.76
Jogo_0233;1;8;9.8;68;33.39
Jogo_0234;76;6;34.0;41;45.49
Jogo_0235;49;5;10.7;40;34.86
Jogo_0236;72;3;5.0;23;22.8
Jogo_0237;66;0;10.3;95;31.12
Jogo_0238;43;1;21.1;28;20.45
Jogo_0239;31;2;8.8;80;23.1
Jogo_0240;63;0;6.7;39;18.66
Jogo_0241;14;4;43.0;46;32.8
Jogo_0242;58;6;16.0;41;35.67
Jogo_0243;9;8;18.0;85;48.63
Jogo_0244;65;4;2.8;22;18.75
Jogo_0245;63;7;17.9;48;37.17
Jogo_0246;8;8;13.2;42;33.46
Jogo_0247;76;7;30.5;41;45.22
Jogo_0248;41;4;10.3;35;26.04
Jogo_0249;79;2;44.4;92;49.86
Jogo_0250;4;8;46.5;50;51.96
Jogo_0251;18;2;5.0;53;22.63
Jogo_0252;49;3;5.4;50;26.25
Jogo_0253;19;0;5.8;98;24.43
Jogo_0254;33;7;31.0;47;40.45
Jogo_0255;66;5;6.1;47;34.54
Jogo_0256;14;0;42.6;46;24.59
Jogo_0257;68;1;37.7;46;35.54
Jogo_0258;10;4;41.0;27;37.76
Jogo_0259;17;4;26.3;68;36.4
Jogo_0260;59;7;49.8;22;47.42
Jogo_0261;80;2;2.2;38;24.07
Jogo_0262;17;8;20.1;36;30.21
Jogo_0263;30;4;16.2;43;30.43
Jogo_0264;93;7;47.4;80;58.19
Jogo_0265;99;2;28.8;67;37.9
Jogo_0266;58;0;40.3;99;40.71
Jogo_0267;45;0;8.5;48;18.55
Jogo_0268;35;3;48.9;94;43.09
Jogo_0269;61;8;24.9;23;41.62
Jogo_0270;59;0;24.7;60;27.57
Jogo_0271;29;3;48.5;83;44.59
Jogo_0272;2;0;19.0;62;21.6
Jogo_0273;15;8;19.9;94;50.38
Jogo_0274;96;6;29.2;45;41.39
Jogo_0275;42;6;6.4;22;29.43
Jogo_0276;48;6;16.1;81;45.49
Jogo_0277;47;5;9.7;25;23.2
Jogo_0278;79;6;5.2;81;40.83
Jogo_0279;6;0;43.3;78;30.58
Jogo_0280;8;7;29.5;87;45.4
Jogo_0281;27;6;17.9;58;34.41
Jogo_0282;49;6;20.4;91;44.2
Jogo_0283;67;3;21.6;33;35.89
Jogo_0284;49;7;31.7;54;41.82
Jogo_0285;44;3;46.3;29;33.07
Jogo_0286;94;0;46.6;81;37.07
Jogo_0287;16;8;19.6;77;49.87
Jogo_0288;57;2;16.5;84;31.55
Jogo_0289;54;0;22.6;81;29.3
Jogo_0290;47;5;28.4;44;36.59
Jogo_0291;81;2;23.1;25;25.48
Jogo_0292;26;7;32.9;94;49.49
Jogo_0293;96;3;27.7;59;46.1
Jogo_0294;33;0;16.0;27;21.47
Jogo_0295;55;8;17.3;94;47.0
Jogo_0296;52;4;18.9;99;42.57
Jogo_0297;85;2;4.7;55;24.2
Jogo_0298;44;6;8.3;81;33.25
Jogo_0299;28;4;36.2;22;36.27
Jogo_0300;2;0;19.5;27;19.52
Jogo_0301;36;6;10.7;42;36.06
Jogo_0302;83;3;28.1;72;38.37
Jogo_0303;1;6;37.8;30;37.31
Jogo_0304;90;8;12.9;22;42.26
Jogo_0305;54;5;41.3;73;48.4
Jogo_0306;14;6;46.4;81;48.33
Jogo_0307;30;2;29.9;79;29.86
Jogo_0308;55;2;33.4;83;38.88
Jogo_0309;31;3;2.6;84;31.73
Jogo_0310;10;7;47.3;68;46.46
Jogo_0311;67;4;19.6;61;38.29
Jogo_0312;67;3;46.2;88;48.22
Jogo_0313;12;7;28.9;47;42.88
Jogo_0314;28;7;0.2;27;31.48
Jogo_0315;24;8;1.9;80;37.5
Jogo_0316;66;2;34.0;42;28.63
Jogo_0317;73;6;28.1;98;48.77
Jogo_0318;73;5;1.3;53;34.41
Jogo_0319;94;4;37.2;88;47.11
Jogo_0320;77;3;42.6;23;34.94
Jogo_0321;32;1;24.8;72;24.08
Jogo_0322;10;2;23.3;55;32.46
Jogo_0323;62;4;0.3;57;31.09
Jogo_0324;92;7;39.3;41;52.07
Jogo_0325;98;7;16.5;97;53.57
Jogo_0326;23;1;43.9;51;34.09
Jogo_0327;23;6;18.7;88;40.85
Jogo_0328;3;0;28.3;54;22.75
Jogo_0329;14;6;13.5;23;28.01
Jogo_0330;56;3;8.0;90;41.18
Jogo_0331;55;4;38.7;34;39.71
Jogo_0332;37;6;24.8;41;36.4
Jogo_0333;31;3;26.8;88;38.96
Jogo_0334;83;7;48.3;91;56.66
Jogo_0335;46;4;48.2;93;54.01
Jogo_0336;81;8;42.8;54;52.58
Jogo_0337;97;5;9.4;80;42.05
Jogo_0338;32;2;29.7;46;33.05
Jogo_0339;20;6;43.9;79;49.97
Jogo_0340;96;3;18.7;60;36.01
Jogo_0341;64;4;5.1;24;25.54
Jogo_0342;29;1;40.5;53;31.78
Jogo_0343;62;1;24.1;57;27.71
Jogo_0344;52;5;28.2;40;36.18
Jogo_0345;91;1;49.1;49;43.75
Jogo_0346;25;8;30.4;60;46.31
Jogo_0347;100;7;21.2;23;39.01
Jogo_0348;94;6;18.5;32;37.25
Jogo_0349;18;6;20.9;81;44.21
Jogo_0350;16;5;5.9;48;30.07
Jogo_0351;53;0;39.7;68;35.02
Jogo_0352;4;3;41.9;65;36.46
Jogo_0353;30;4;14.2;64;33.69
Jogo_0354;43;8;15.2;53;39.78
Jogo_0355;97;1;43.7;58;38.48
Jogo_0356;100;4;1.2;85;39.08
Jogo_0357;15;3;26.0;97;39.97
Jogo_0358;90;1;23.2;40;25.87
Jogo_0359;9;0;34.5;73;26.18
Jogo_0360;75;3;8.2;97;36.25
Jogo_0361;85;0;33.4;20;31.67
Jogo_0362;89;0;18.8;82;25.25
Jogo_0363;22;3;30.9;59;34.76
Jogo_0364;90;1;2.0;97;25.82
Jogo_0365;11;4;23.1;66;31.96
Jogo_0366;52;0;26.1;87;30.25
Jogo_0367;47;2;10.7;33;21.19
Jogo_0368;31;4;7.0;31;22.98
Jogo_0369;2;8;9.4;94;42.57
Jogo_0370;77;5;17.2;62;37.37
Jogo_0371;33;7;4.8;64;32.03
Jogo_0372;66;3;47.4;33;41.66
Jogo_0373;41;4;20.2;38;33.31
Jogo_0374;37;3;40.4;85;44.88
Jogo_0375;89;7;48.7;44;48.64
Jogo_0376;9;8;4.0;66;37.92
Jogo_0377;74;8;32.6;45;51.11
Jogo_0378;75;6;43.6;41;44.32
Jogo_0379;38;4;31.7;33;34.11
Jogo_0380;26;4;21.5;94;38.36
Jogo_0381;0;8;21.6;95;52.34
Jogo_0382;94;2;1.8;29;28.27
Jogo_0383;95;3;26.7;48;31.65
Jogo_0384;24;8;49.7;65;61.55
Jogo_0385;3;3;47.9;50;34.26
Jogo_0386;12;2;2.0;77;26.15
Jogo_0387;6;5;35.3;40;39.25
Jogo_0388;83;2;15.1;24;22.54
Jogo_0389;90;8;45.1;46;56.36
Jogo_0390;15;8;2.3;67;36.73
Jogo_0391;75;2;46.8;34;39.14
Jogo_0392;18;4;41.9;85;44.55
Jogo_0393;37;8;5.9;20;36.61
Jogo_0394;60;6;3.0;25;29.83
Jogo_0395;72;1;41.7;60;36.35
Jogo_0396;88;5;7.8;60;39.56
Jogo_0397;4;5;26.7;43;35.36
Jogo_0398;19;5;45.8;40;43.25
Jogo_0399;28;0;28.4;25;18.94
Jogo_0400;31;2;19.9;73;27.26
Jogo_0401;100;7;22.3;50;44.1
Jogo_0402;78;2;3.2;29;19.85
Jogo_0403;32;2;48.4;51;39.51
Jogo_0404;98;2;15.5;94;40.29
Jogo_0405;50;1;9.5;40;20.36
Jogo_0406;50;1;14.3;91;34.45
Jogo_0407;43;3;48.2;40;42.92
Jogo_0408;14;7;4.7;34;31.1
Jogo_0409;94;0;43.4;40;31.24
Jogo_0410;1;2;35.4;45;33.95
Jogo_0411;17;0;41.5;29;25.05
Jogo_0412;23;5;48.8;67;46.85
Jogo_0413;28;2;42.1;46;32.86
Jogo_0414;13;7;47.2;77;48.94
Jogo_0415;1;5;6.3;59;24.23
Jogo_0416;68;7;39.8;55;52.02
Jogo_0417;97;5;27.3;57;41.01
Jogo_0418;12;3;27.2;32;36.96
Jogo_0419;29;7;44.9;77;48.83
Jogo_0420;51;4;48.6;28;36.52
Jogo_0421;93;8;35.2;77;57.84
Jogo_0422;70;8;24.1;99;58.47
Jogo_0423;77;5;22.8;81;43.98
Jogo_0424;58;6;19.3;56;41.51
Jogo_0425;42;2;18.1;45;20.91
Jogo_0426;20;7;19.6;89;42.28
Jogo_0427;87;6;4.5;40;31.31
Jogo_0428;81;8;3.9;58;35.86
Jogo_0429;2;2;39.0;81;36.31
Jogo_0430;72;7;22.3;93;43.29
Jogo_0431;8;4;46.5;93;41.9
Jogo_0432;74;1;30.6;27;26.57
Jogo_0433;83;1;1.8;91;25.93
Jogo_0434;13;5;7.9;29;26.84
Jogo_0435;43;2;10.3;66;27.86
Jogo_0436;12;0;48.8;94;39.82
Jogo_0437;57;3;10.9;72;33.93
Jogo_0438;93;5;25.8;95;51.64
Jogo_0439;8;2;46.8;47;34.06
Jogo_0440;40;8;48.9;45;52.98
Jogo_0441;98;7;11.8;46;42.9
Jogo_0442;30;4;2.5;48;25.9
Jogo_0443;13;8;7.7;74;38.64
Jogo_0444;49;3;3.2;56;24.94
Jogo_0445;51;1;9.8;78;24.26
Jogo_0446;66;0;28.4;53;29.43
Jogo_0447;31;8;45.6;44;49.76
Jogo_0448;96;8;26.9;35;45.36
Jogo_0449;52;6;31.3;64;42.73
Jogo_0450;28;0;10.1;91;20.79
Jogo_0451;96;2;40.0;88;47.82
Jogo_0452;93;0;30.9;40;29.49
Jogo_0453;50;0;43.2;58;30.23
Jogo_0454;2;2;47.4;76;40.58
Jogo_0455;60;5;17.4;68;36.91
Jogo_0456;56;0;4.5;25;10.59
Jogo_0457;14;8;11.3;67;43.19
Jogo_0458;64;4;21.9;23;29.62
Jogo_0459;84;2;47.3;29;36.4
Jogo_0460;10;4;18.9;72;33.34
Jogo_0461;73;7;38.5;28;49.44
Jogo_0462;14;2;27.0;47;27.68
Jogo_0463;75;0;9.1;67;20.64
Jogo_0464;42;0;16.0;72;26.39
Jogo_0465;0;7;32.7;55;40.74
Jogo_0466;97;1;33.6;27;36.73
Jogo_0467;16;5;21.7;83;38.82
Jogo_0468;60;3;11.4;95;28.83
Jogo_0469;18;6;36.1;91;48.8
Jogo_0470;94;0;8.4;79;33.14
Jogo_0471;74;8;46.8;52;59.83
Jogo_0472;81;6;9.4;90;48.76
Jogo_0473;43;4;5.4;59;26.12
Jogo_0474;47;1;24.9;30;27.21
Jogo_0475;64;8;26.0;88;50.25
Jogo_0476;79;2;25.4;45;32.63
Jogo_0477;85;4;21.8;95;39.86
Jogo_0478;1;3;49.7;49;35.39
Jogo_0479;67;2;24.3;89;35.19
Jogo_0480;11;3;23.9;62;33.74
Jogo_0481;29;1;21.1;57;28.16
Jogo_0482;83;0;3.3;43;20.08
Jogo_0483;25;2;29.6;86;31.21
Jogo_0484;80;1;11.4;24;20.56
Jogo_0485;46;3;31.9;57;33.66
Jogo_0486;23;7;2.5;49;35.17
Jogo_0487;33;1;49.1;63;40.31
Jogo_0488;53;0;23.5;40;26.63
Jogo_0489;77;0;44.8;73;35.52
Jogo_0490;61;4;23.8;50;27.49
Jogo_0491;94;2;3.0;35;18.52
Jogo_0492;87;4;41.1;35;45.86
Jogo_0493;76;0;32.4;75;32.47
Jogo_0494;60;2;39.1;40;32.23
Jogo_0495;29;3;21.4;44;33.84
Jogo_0496;41;3;31.9;70;41.24
Jogo_0497;12;4;42.8;46;37.91
Jogo_0498;37;7;31.6;51;43.29
Jogo_0499;93;4;17.4;39;33.98
Jogo_0500;43;7;33.1;47;45.26
Jogo_0501;11;4;33.6;75;43.69
Jogo_0502;65;2;48.0;62;42.57
Jogo_0503;97;2;18.5;99;41.26
Jogo_0504;87;2;21.3;81;40.07
Jogo_0505;27;5;40.6;21;33.51
Jogo_0506;45;2;25.3;50;32.22
Jogo_0507;53;8;36.8;43;47.69
Jogo_0508;25;4;23.0;67;27.55
Jogo_0509;27;7;10.8;41;28.21
Jogo_0510;23;6;37.3;97;46.39
Jogo_0511;100;3;6.6;43;30.85
Jogo_0512;75;2;9.9;61;28.96
Jogo_0513;84;6;31.3;29;42.58
Jogo_0514;82;2;37.4;92;49.3
Jogo_0515;96;2;44.7;92;43.32
Jogo_0516;10;8;13.6;83;42.93
Jogo_0517;89;4;5.5;48;32.16
Jogo_0518;6;0;47.8;24;23.6
Jogo_0519;48;4;7.7;76;33.02
Jogo_0520;60;4;9.9;54;26.57
Jogo_0521;36;7;14.6;99;49.57
Jogo_0522;14;6;26.5;75;39.6
Jogo_0523;19;1;44.1;63;40.0
Jogo_0524;83;1;38.0;98;42.04
Jogo_0525;32;5;35.4;84;48.13
Jogo_0526;31;0;8.8;56;18.8
Jogo_0527;93;2;17.9;21;26.76
Jogo_0528;14;1;23.9;27;19.28
Jogo_0529;92;0;7.4;55;23.56
Jogo_0530;93;8;13.7;64;47.79
Jogo_0531;60;0;15.4;22;16.14
Jogo_0532;16;0;6.4;30;12.64
Jogo_0533;15;8;27.5;76;45.39
Jogo_0534;28;1;35.3;80;40.99
Jogo_0535;58;7;3.5;22;31.4
Jogo_0536;15;0;24.1;60;28.27
Jogo_0537;46;1;39.1;26;28.18
Jogo_0538;11;0;37.4;77;31.3
Jogo_0539;54;6;40.8;86;47.54
Jogo_0540;2;5;22.4;89;37.51
Jogo_0541;71;4;41.0;67;45.71
Jogo_0542;5;2;12.0;70;29.86
Jogo_0543;19;0;18.0;94;27.59
Jogo_0544;17;5;8.8;68;36.29
Jogo_0545;83;2;23.4;55;35.0
Jogo_0546;5;5;19.6;80;41.64
Jogo_0547;43;6;12.0;67;37.51
Jogo_0548;59;7;37.6;87;60.6
Jogo_0549;52;4;15.7;61;32.35
Jogo_0550;68;0;13.6;89;26.25
Jogo_0551;81;2;6.5;23;18.57
Jogo_0552;39;7;21.9;22;43.58
Jogo_0553;83;4;15.1;27;33.43
Jogo_0554;32;5;18.5;64;35.13
Jogo_0555;99;4;11.8;76;42.2
Jogo_0556;50;1;38.2;37;32.48
Jogo_0557;74;8;46.5;32;57.89
Jogo_0558;88;6;24.9;88;44.31
Jogo_0559;80;8;32.1;80;53.84
Jogo_0560;85;7;43.4;71;53.75
Jogo_0561;54;2;49.9;59;34.71
Jogo_0562;4;2;30.7;53;32.2
Jogo_0563;49;2;44.5;21;31.83
Jogo_0564;18;8;45.4;35;49.8
Jogo_0565;89;5;39.6;91;59.21
Jogo_0566;23;4;23.0;47;30.88
Jogo_0567;23;8;4.1;76;38.41
Jogo_0568;25;5;0.8;76;31.54
Jogo_0569;64;8;23.9;44;48.05
Jogo_0570;57;8;24.7;36;41.9
Jogo_0571;95;0;20.4;75;29.1
Jogo_0572;42;3;28.4;27;33.02
Jogo_0573;28;6;27.6;59;41.89
Jogo_0574;4;7;41.8;91;44.97
Jogo_0575;0;1;5.4;76;17.11
Jogo_0576;37;2;11.3;81;33.57
Jogo_0577;93;4;39.7;26;41.44
Jogo_0578;52;7;42.4;35;44.46
Jogo_0579;90;1;49.7;42;37.88
Jogo_0580;10;5;43.6;43;40.05
Jogo_0581;9;2;44.5;35;33.75
Jogo_0582;84;1;15.7;97;30.19
Jogo_0583;10;4;20.1;33;25.26
Jogo_0584;5;3;13.4;76;29.81
Jogo_0585;40;5;30.3;66;40.91
Jogo_0586;93;2;46.9;68;45.77
Jogo_0587;69;7;17.2;37;35.9
Jogo_0588;10;0;27.9;44;23.24
Jogo_0589;84;7;14.8;68;47.87
Jogo_0590;85;0;8.5;43;22.69
Jogo_0591;80;6;9.8;75;41.5
Jogo_0592;91;3;2.9;23;23.96
Jogo_0593;24;3;47.5;25;32.29
Jogo_0594;98;0;20.1;78;31.36
Jogo_0595;32;6;41.7;69;51.28
Jogo_0596;81;1;34.1;23;29.01
Jogo_0597;58;5;9.6;91;36.48
Jogo_0598;78;6;8.8;20;30.84
Jogo_0599;63;7;40.6;96;56.75
Jogo_0600;64;6;13.2;78;40.32
Jogo_0601;62;2;45.7;99;47.26
Jogo_0602;78;6;7.0;95;44.51
Jogo_0603;74;7;33.9;45;49.7
Jogo_0604;13;2;40.7;80;41.56
Jogo_0605;83;1;11.8;36;26.66
Jogo_0606;54;8;13.8;57;39.9
Jogo_0607;32;1;48.2;39;30.07
Jogo_0608;51;5;13.2;58;34.67
Jogo_0609;97;2;21.5;89;37.28
Jogo_0610;86;1;21.6;54;26.63
Jogo_0611;84;6;12.7;27;33.89
Jogo_0612;46;1;38.8;45;30.09
Jogo_0613;79;6;38.6;82;50.11
Jogo_0614;38;6;18.9;61;37.86
Jogo_0615;69;0;41.8;64;38.29
Jogo_0616;64;1;10.7;54;25.06
Jogo_0617;25;7;0.2;43;38.44
Jogo_0618;26;4;28.6;67;37.65
Jogo_0619;6;1;49.7;70;35.0
Jogo_0620;14;8;1.9;91;40.45
Jogo_0621;43;2;10.4;69;28.2
Jogo_0622;48;0;25.9;99;34.06
Jogo_0623;16;8;40.5;86;59.59
Jogo_0624;42;0;4.5;26;11.3
Jogo_0625;61;4;19.8;51;37.04
Jogo_0626;23;8;37.4;50;48.05
Jogo_0627;34;5;18.6;20;25.02
Jogo_0628;37;5;9.4;34;31.16
Jogo_0629;51;3;9.8;80;35.81
Jogo_0630;37;1;20.5;48;22.26
Jogo_0631;74;5;24.0;31;36.44
Jogo_0632;33;8;43.1;42;43.85
Jogo_0633;43;0;32.1;41;22.05
Jogo_0634;38;7;34.5;33;45.71
Jogo_0635;18;3;49.1;28;33.93
Jogo_0636;69;4;20.6;81;36.55
Jogo_0637;23;1;20.2;85;29.85
Jogo_0638;29;5;46.2;59;43.27
Jogo_0639;80;1;12.3;69;27.14
Jogo_0640;95;2;36.5;93;46.54
Jogo_0641;67;6;37.7;87;48.12
Jogo_0642;92;0;4.9;22;14.66
Jogo_0643;86;4;23.4;96;44.93
Jogo_0644;48;5;10.0;25;31.5
Jogo_0645;77;1;9.3;22;23.93
Jogo_0646;33;2;23.2;52;26.56
Jogo_0647;46;3;14.5;79;35.92
Jogo_0648;54;5;39.8;26;37.3
Jogo_0649;97;8;45.4;43;60.58
Jogo_0650;85;7;40.1;41;46.08
Jogo_0651;49;1;13.3;51;27.71
Jogo_0652;65;0;13.7;98;27.73
Jogo_0653;20;0;12.7;46;23.98
Jogo_0654;81;5;6.8;36;33.53
Jogo_0655;55;1;47.2;29;29.72
Jogo_0656;53;2;20.1;35;24.96
Jogo_0657;77;7;11.2;30;39.42
Jogo_0658;63;7;42.3;65;55.25
Jogo_0659;7;7;20.0;53;37.8
Jogo_0660;29;2;1.8;59;21.93
Jogo_0661;17;5;8.1;86;36.87
Jogo_0662;74;5;32.0;66;44.92
Jogo_0663;3;1;39.1;32;22.34
Jogo_0664;20;4;10.5;50;25.34
Jogo_0665;60;4;45.9;45;43.32
Jogo_0666;70;3;42.5;86;49.52
Jogo_0667;50;6;42.4;44;50.29
Jogo_0668;86;6;11.4;31;37.86
Jogo_0669;92;4;2.5;78;35.8
Jogo_0670;13;6;43.4;54;46.58
Jogo_0671;96;6;15.3;27;35.08
Jogo_0672;62;5;30.9;75;44.07
Jogo_0673;64;2;38.0;36;31.35
Jogo_0674;9;6;6.4;89;32.56
Jogo_0675;62;6;39.0;86;52.51
Jogo_0676;73;8;46.9;49;55.16
Jogo_0677;58;1;36.4;64;36.54
Jogo_0678;8;3;22.1;65;32.26
Jogo_0679;52;8;43.8;72;56.02
Jogo_0680;94;4;26.4;25;37.18
Jogo_0681;73;8;37.2;45;50.48
Jogo_0682;13;0;41.0;33;26.58
Jogo_0683;96;0;37.5;75;34.88
Jogo_0684;96;7;14.4;25;40.08
Jogo_0685;17;3;5.9;61;27.08
Jogo_0686;80;4;11.9;78;35.26
Jogo_0687;41;3;25.1;95;38.97
Jogo_0688;59;3;25.3;43;30.65
Jogo_0689;44;8;29.1;20;40.13
Jogo_0690;79;0;19.8;77;26.43
Jogo_0691;100;6;39.3;20;48.55
Jogo_0692;80;8;45.7;25;54.34
Jogo_0693;94;5;12.3;99;45.79
Jogo_0694;95;3;36.8;89;52.25
Jogo_0695;9;1;33.9;76;30.92
Jogo_0696;25;6;26.2;86;53.17
Jogo_0697;72;4;9.4;26;27.27
Jogo_0698;59;1;39.8;27;30.97
Jogo_0699;5;3;48.0;44;35.11
Jogo_0700;9;8;36.1;21;42.62
Jogo_0701;52;2;45.9;91;46.38
Jogo_0702;62;1;49.2;24;32.94
Jogo_0703;16;6;17.6;63;42.22
Jogo_0704;17;1;31.9;88;33.94
Jogo_0705;13;8;23.7;78;46.85
Jogo_0706;57;7;49.3;38;47.29
Jogo_0707;0;8;4.7;57;36.45
Jogo_0708;57;8;20.6;63;45.82
Jogo_0709;48;2;43.8;81;39.5
Jogo_0710;47;1;14.2;54;22.0
Jogo_0711;68;3;39.4;42;46.05
Jogo_0712;52;4;19.1;83;37.5
Jogo_0713;73;7;49.0;90;54.62
Jogo_0714;77;6;44.2;59;48.39
Jogo_0715;92;5;15.1;22;33.29
Jogo_0716;80;7;38.5;60;53.02
Jogo_0717;52;5;16.8;91;42.85
Jogo_0718;49;3;30.3;99;43.9
Jogo_0719;23;3;32.9;52;31.72
Jogo_0720;60;4;41.5;32;40.15
Jogo_0721;14;0;1.2;65;13.66
Jogo_0722;94;6;11.0;86;42.41
Jogo_0723;85;5;35.6;95;48.26
Jogo_0724;12;6;28.2;24;30.86
Jogo_0725;79;4;24.8;43;39.64
Jogo_0726;11;7;2.8;58;35.13
Jogo_0727;72;8;17.4;27;43.83
Jogo_0728;8;5;43.3;90;46.91
Jogo_0729;49;3;1.5;28;23.48
Jogo_0730;66;0;19.8;73;22.88
Jogo_0731;73;7;47.3;93;61.43
Jogo_0732;42;8;2.5;74;40.87
Jogo_0733;93;6;37.5;81;54.6
Jogo_0734;78;7;12.9;41;40.55
Jogo_0735;21;7;43.3;86;49.27
Jogo_0736;67;7;37.3;53;44.37
Jogo_0737;73;4;44.3;24;37.81
Jogo_0738;33;0;10.8;49;20.46
Jogo_0739;74;0;26.6;47;29.35
Jogo_0740;90;1;39.0;61;33.4
Jogo_0741;82;3;12.3;41;26.57
Jogo_0742;77;6;11.5;56;36.42
Jogo_0743;64;4;1.4;54;27.64
Jogo_0744;27;0;47.9;46;26.74
Jogo_0745;80;1;35.5;75;33.31
Jogo_0746;36;8;31.8;44;43.14
Jogo_0747;53;8;37.2;81;54.67
Jogo_0748;31;3;26.6;40;26.75
Jogo_0749;31;7;23.8;89;46.31
Jogo_0750;15;6;22.5;49;39.6
Jogo_0751;97;8;32.0;23;43.5
Jogo_0752;14;7;10.1;31;31.19
Jogo_0753;8;5;44.4;84;49.35
Jogo_0754;94;3;40.6;89;46.33
Jogo_0755;56;5;17.5;36;31.78
Jogo_0756;44;2;28.9;68;37.33
Jogo_0757;74;3;7.1;65;29.74
Jogo_0758;38;5;48.6;30;45.36
Jogo_0759;12;5;45.1;56;43.93
Jogo_0760;73;5;46.1;75;49.7
Jogo_0761;17;3;16.6;97;35.66
Jogo_0762;55;3;8.5;87;33.89
Jogo_0763;95;0;10.6;27;23.42
Jogo_0764;94;5;4.5;39;30.8
Jogo_0765;36;5;6.0;54;30.7
Jogo_0766;78;8;3.6;32;37.12
Jogo_0767;61;4;49.5;65;49.07
Jogo_0768;48;4;3.7;20;20.06
Jogo_0769;14;0;6.6;29;15.83
Jogo_0770;38;1;41.4;23;29.88
Jogo_0771;65;3;29.0;43;30.35
Jogo_0772;99;3;38.7;80;49.59
Jogo_0773;0;3;31.5;34;35.33
Jogo_0774;72;3;44.1;98;51.4
Jogo_0775;85;6;31.9;41;48.4
Jogo_0776;96;1;26.1;23;28.02
Jogo_0777;42;2;35.6;46;27.74
Jogo_0778;11;1;22.4;79;22.54
Jogo_0779;27;2;17.3;28;23.18
Jogo_0780;85;6;23.4;25;36.96
Jogo_0781;88;0;8.5;87;25.32
Jogo_0782;64;3;39.8;67;41.41
Jogo_0783;12;0;13.0;47;19.41
Jogo_0784;12;8;7.7;80;36.3
Jogo_0785;48;6;12.3;87;39.85
Jogo_0786;59;2;42.1;48;41.18
Jogo_0787;3;1;16.5;64;19.89
Jogo_0788;69;0;34.3;20;28.13
Jogo_0789;54;4;42.8;44;39.45
Jogo_0790;1;6;3.9;67;33.13
Jogo_0791;9;5;38.3;35;40.17
Jogo_0792;45;7;15.4;99;48.56
Jogo_0793;72;3;10.8;97;39.32
Jogo_0794;83;2;34.4;40;31.23
Jogo_0795;43;4;45.5;51;45.36
Jogo_0796;29;1;14.8;35;17.69
Jogo_0797;97;8;28.4;60;52.48
Jogo_0798;46;1;14.5;29;21.38
Jogo_0799;31;4;27.7;51;36.28
Jogo_0800;44;4;31.1;64;40.02
Jogo_0801;1;0;30.5;68;23.42
Jogo_0802;30;4;31.2;67;34.32
Jogo_0803;52;4;6.8;37;29.71
Jogo_0804;92;2;34.7;83;42.51
Jogo_0805;74;1;33.7;75;39.91
Jogo_0806;78;0;34.1;80;35.04
Jogo_0807;55;0;3.7;57;15.03
Jogo_0808;11;4;22.3;91;40.23
Jogo_0809;39;0;20.5;51;21.83
Jogo_0810;100;8;4.3;84;48.13
Jogo_0811;4;2;11.1;36;17.66
Jogo_0812;88;5;22.0;39;43.02
Jogo_0813;69;6;37.1;62;45.18
Jogo_0814;28;4;11.9;64;29.99
Jogo_0815;78;7;41.5;79;55.44
Jogo_0816;84;0;27.3;43;24.45
Jogo_0817;4;2;38.0;89;37.96
Jogo_0818;10;2;23.6;46;30.8
Jogo_0819;67;1;25.0;62;29.44
Jogo_0820;100;2;31.0;94;44.14
Jogo_0821;2;2;46.4;63;27.6
Jogo_0822;67;6;24.6;74;44.95
Jogo_0823;13;2;26.4;92;33.14
Jogo_0824;65;7;30.1;97;50.33
Jogo_0825;62;6;36.9;59;49.97
Jogo_0826;9;8;3.6;53;33.95
Jogo_0827;68;0;25.8;35;24.19
Jogo_0828;90;8;24.1;62;48.8
Jogo_0829;87;5;46.1;93;48.79
Jogo_0830;2;8;24.7;58;39.11
Jogo_0831;24;3;23.4;47;32.54
Jogo_0832;24;8;48.1;28;41.63
Jogo_0833;45;5;22.5;51;34.33
Jogo_0834;14;0;9.0;38;13.77
Jogo_0835;86;3;10.8;98;43.09
Jogo_0836;78;1;4.8;62;27.03
Jogo_0837;81;8;0.0;30;34.31
Jogo_0838;20;2;21.6;25;26.82
Jogo_0839;1;2;38.5;88;34.53
Jogo_0840;91;4;36.7;94;52.25
Jogo_0841;29;3;1.6;81;23.45
Jogo_0842;66;0;28.5;29;27.82
Jogo_0843;91;7;7.7;27;35.31
Jogo_0844;3;7;47.1;35;41.39
Jogo_0845;0;6;8.4;80;34.29
Jogo_0846;0;5;31.3;81;41.44
Jogo_0847;15;3;16.3;87;30.97
Jogo_0848;5;4;32.1;27;32.35
Jogo_0849;82;4;20.6;32;31.82
Jogo_0850;61;1;38.0;92;41.34
Jogo_0851;98;0;11.5;94;32.29
Jogo_0852;80;2;45.3;78;43.77
Jogo_0853;97;4;25.0;28;34.39
Jogo_0854;24;1;37.8;25;26.85
Jogo_0855;29;0;42.5;24;27.45
Jogo_0856;85;7;49.9;75;64.2
Jogo_0857;24;3;11.2;87;34.21
Jogo_0858;5;5;14.3;70;36.33
Jogo_0859;67;4;12.5;40;40.0
Jogo_0860;80;6;13.1;80;44.53
Jogo_0861;97;6;29.1;24;43.0
Jogo_0862;93;2;49.7;86;49.85
Jogo_0863;12;7;49.5;91;51.41
Jogo_0864;77;3;26.3;77;38.08
Jogo_0865;85;7;32.0;90;52.48
Jogo_0866;70;3;43.0;66;44.99
Jogo_0867;82;0;46.6;57;35.9
Jogo_0868;84;6;10.2;45;37.45
Jogo_0869;45;0;26.4;93;35.05
Jogo_0870;4;6;41.6;75;48.72
Jogo_0871;46;0;15.2;35;18.76
Jogo_0872;20;1;22.0;96;29.19
Jogo_0873;11;5;49.3;24;42.64
Jogo_0874;12;8;49.3;67;55.59
Jogo_0875;70;3;45.3;35;34.39
Jogo_0876;50;1;39.9;73;35.48
Jogo_0877;54;2;13.5;53;27.49
Jogo_0878;75;8;16.0;54;47.04
Jogo_0879;55;6;27.4;73;47.67
Jogo_0880;63;0;28.0;80;32.69
Jogo_0881;8;3;25.3;50;31.25
Jogo_0882;85;2;31.8;99;42.97
Jogo_0883;45;1;20.4;59;25.07
Jogo_0884;15;7;37.5;32;40.84
Jogo_0885;82;5;16.7;20;32.96
Jogo_0886;74;1;16.5;36;24.49
Jogo_0887;5;5;6.4;75;25.73
Jogo_0888;19;3;9.4;63;25.57
Jogo_0889;1;0;42.5;47;27.17
Jogo_0890;27;4;22.3;58;32.82
Jogo_0891;10;1;11.4;87;24.6
Jogo_0892;71;2;38.0;65;40.19
Jogo_0893;52;7;27.7;24;36.72
Jogo_0894;99;6;1.1;23;26.87
Jogo_0895;75;1;15.8;58;26.69
Jogo_0896;61;7;8.9;52;40.59
Jogo_0897;51;5;32.8;88;51.32
Jogo_0898;5;7;13.8;66;39.98
Jogo_0899;7;6;3.2;80;29.28
Jogo_0900;62;3;2.7;66;27.61
Jogo_0901;0;4;29.1;47;33.0
Jogo_0902;4;4;1.1;72;27.04
Jogo_0903;22;6;42.4;69;48.57
Jogo_0904;89;2;7.8;77;28.65
Jogo_0905;46;2;30.3;35;29.73
Jogo_0906;71;2;22.2;71;35.36
Jogo_0907;41;2;22.1;42;29.79
Jogo_0908;17;1;3.6;83;20.15
Jogo_0909;37;0;40.1;83;33.41
Jogo_0910;9;8;44.7;69;43.6
Jogo_0911;77;0;0.6;95;23.76
Jogo_0912;18;7;8.9;63;34.93
Jogo_0913;38;0;45.2;22;24.1
Jogo_0914;98;6;27.5;68;48.16
Jogo_0915;59;2;7.5;82;29.48
Jogo_0916;46;4;10.1;28;19.64
Jogo_0917;54;2;33.0;28;30.72
Jogo_0918;79;4;36.2;41;37.36
Jogo_0919;25;4;30.0;87;42.01
Jogo_0920;64;4;47.7;62;42.27
Jogo_0921;88;3;24.7;98;42.98
Jogo_0922;57;4;15.0;89;37.31
Jogo_0923;45;7;23.9;64;44.97
Jogo_0924;14;3;18.0;74;31.39
Jogo_0925;25;3;11.2;46;24.55
Jogo_0926;95;1;2.3;27;15.35
Jogo_0927;54;3;17.6;51;26.2
Jogo_0928;30;1;35.6;67;30.66
Jogo_0929;42;1;0.9;34;16.25
Jogo_0930;58;8;22.0;37;41.07
Jogo_0931;54;0;32.2;21;25.62
Jogo_0932;70;4;30.5;78;42.14
Jogo_0933;26;7;38.8;91;48.91
Jogo_0934;65;8;40.5;86;56.44
Jogo_0935;44;1;35.6;50;31.66
Jogo_0936;95;1;5.1;67;27.91
Jogo_0937;15;3;23.8;96;42.07
Jogo_0938;14;4;30.2;67;34.73
Jogo_0939;46;8;12.3;43;39.21
Jogo_0940;51;1;2.1;47;20.64
Jogo_0941;69;1;11.2;78;28.57
Jogo_0942;40;2;22.7;55;27.89
Jogo_0943;92;7;20.7;86;45.36
Jogo_0944;47;0;8.8;89;23.66
Jogo_0945;13;3;41.2;22;28.04
Jogo_0946;12;1;46.3;77;31.04
Jogo_0947;98;1;10.1;49;23.84
Jogo_0948;13;8;46.5;61;48.32
Jogo_0949;95;0;0.9;41;20.82
Jogo_0950;28;2;46.2;49;37.56
Jogo_0951;9;8;47.6;46;46.57
Jogo_0952;30;5;0.6;24;22.93
Jogo_0953;62;0;38.2;82;30.06
Jogo_0954;43;4;48.5;31;38.58
Jogo_0955;79;8;45.3;50;55.87
Jogo_0956;61;3;48.5;35;42.08
Jogo_0957;40;4;27.5;32;30.49
Jogo_0958;64;4;3.9;49;31.99
Jogo_0959;98;5;42.5;93;49.62
Jogo_0960;41;1;30.7;95;32.03
Jogo_0961;15;7;30.7;50;44.07
Jogo_0962;41;8;20.9;60;49.61
Jogo_0963;84;1;28.6;98;40.41
Jogo_0964;21;7;7.7;38;32.45
Jogo_0965;95;7;37.0;95;50.71
Jogo_0966;59;6;3.8;28;24.18
Jogo_0967;60;3;36.5;38;36.16
Jogo_0968;32;4;42.4;47;38.38
Jogo_0969;92;7;23.6;22;38.1
Jogo_0970;3;1;25.5;85;29.61
Jogo_0971;30;7;15.6;88;43.91
Jogo_0972;42;8;48.5;50;55.67
Jogo_0973;48;6;36.7;86;49.99
Jogo_0974;47;3;18.4;81;38.54
Jogo_0975;14;5;8.7;84;34.29
Jogo_0976;22;0;11.0;84;22.86
Jogo_0977;9;8;23.2;65;46.78
Jogo_0978;57;3;47.1;28;34.81
Jogo_0979;35;0;36.7;93;43.04
Jogo_0980;57;7;10.8;68;42.17
Jogo_0981;59;5;43.0;92;52.21
Jogo_0982;70;5;18.9;96;45.69
Jogo_0983;55;0;42.6;34;35.04
Jogo_0984;65;6;12.1;52;39.61
Jogo_0985;59;5;30.9;35;33.47
Jogo_0986;65;7;46.3;24;51.72
Jogo_0987;62;7;12.9;97;45.5
Jogo_0988;31;1;34.6;93;36.36
Jogo_0989;24;1;49.4;94;36.97
Jogo_0990;79;8;7.5;90;49.02
Jogo_0991;34;4;4.4;71;27.96
Jogo_0992;55;3;33.7;61;38.15
Jogo_0993;19;2;17.0;99;31.47
Jogo_0994;43;5;3.6;64;37.58
Jogo_0995;53;6;23.8;71;49.17
Jogo_0996;63;0;37.7;36;28.77
Jogo_0997;53;4;14.3;79;36.29
Jogo_0998;36;8;16.8;85;45.39
Jogo_0999;97;2;42.3;74;46.98
Jogo_1000;51;2;26.0;59;31.04
